region,month,depth_m,temp_mean_c,temp_std_c,salinity_mean_psu,salinity_std_psu,current_speed_mean_ms,current_speed_std_ms,sample_count
Andaman Sea,1,10.0,27.74122,0.20043,34.41278,0.07166,0.28711,0.02733,11
Andaman Sea,2,300.0,19.57907,0.18582,34.92158,0.04412,0.1175,0.03616,9
Andaman Sea,3,0.0,28.7951,0.24905,34.34781,0.07428,0.16218,0.03601,8
Andaman Sea,4,25.0,27.84073,0.2044,34.35137,0.04451,0.07073,0.02717,9
Andaman Sea,5,0.0,28.59984,0.23902,34.28447,0.0872,0.15708,0.05347,11
Andaman Sea,5,10.0,28.38331,0.13392,34.26454,0.05446,0.14697,0.05261,8
Andaman Sea,5,75.0,25.88132,0.18872,34.49134,0.07546,0.11141,0.03678,9
Andaman Sea,6,0.0,28.51702,0.24835,34.2635,0.05082,0.20068,0.02595,8
Andaman Sea,7,50.0,25.99011,0.14715,34.44858,0.04559,0.22892,0.03588,10
Andaman Sea,8,0.0,27.66553,0.17535,34.30134,0.04315,0.20757,0.03505,10
Andaman Sea,9,500.0,15.1646,0.12181,35.02891,0.05337,0.06837,0.02786,10
Andaman Sea,10,300.0,18.4458,0.1302,34.93163,0.05165,0.10311,0.02939,8
Andaman Sea,11,10.0,27.12697,0.1702,34.37969,0.05575,0.25189,0.02129,8
Arabian Sea,1,0.0,28.31795,0.47562,35.20375,0.06306,0.30518,0.04278,81
Arabian Sea,1,10.0,27.85887,0.47523,35.18625,0.05965,0.30763,0.04186,52
Arabian Sea,1,25.0,27.33047,0.43705,35.16652,0.06478,0.28899,0.04144,64
Arabian Sea,1,50.0,26.46923,0.44645,35.1399,0.07095,0.29126,0.03743,75
Arabian Sea,1,75.0,25.3326,0.45653,35.10463,0.05939,0.26884,0.0417,57
Arabian Sea,1,100.0,24.58168,0.40681,35.07711,0.05866,0.25323,0.03664,59
Arabian Sea,1,150.0,22.94421,0.46877,35.02651,0.05949,0.21919,0.03292,55
Arabian Sea,1,200.0,21.67276,0.43693,35.02566,0.07104,0.20715,0.03673,72
Arabian Sea,1,300.0,19.30404,0.44733,34.98852,0.06954,0.17461,0.0384,47
Arabian Sea,1,500.0,15.98706,0.41315,35.04027,0.05366,0.11661,0.03449,34
Arabian Sea,1,750.0,13.58759,0.45975,35.16069,0.05772,0.07027,0.03269,39
Arabian Sea,1,1000.0,12.37865,0.37475,35.26772,0.06342,0.05966,0.03009,32
Arabian Sea,1,1500.0,11.08585,0.4841,35.58103,0.07622,0.04191,0.02704,37
Arabian Sea,1,2000.0,10.93922,0.37649,35.87001,0.08488,0.04055,0.02142,26
Arabian Sea,2,0.0,28.80129,0.45671,35.17201,0.06356,0.32044,0.04392,81
Arabian Sea,2,10.0,28.2905,0.45011,35.13962,0.06432,0.31579,0.04393,56
Arabian Sea,2,25.0,27.62167,0.43495,35.13945,0.06572,0.29596,0.04552,65
Arabian Sea,2,50.0,26.67383,0.45313,35.09383,0.05906,0.29085,0.04009,61
Arabian Sea,2,75.0,25.84682,0.41008,35.06744,0.06535,0.27036,0.03823,62
Arabian Sea,2,100.0,25.04474,0.42239,35.05135,0.05739,0.26553,0.03502,72
Arabian Sea,2,150.0,23.45077,0.38423,35.01155,0.07026,0.23678,0.03851,72
Arabian Sea,2,200.0,22.07928,0.45629,34.9903,0.06827,0.2218,0.03581,63
Arabian Sea,2,300.0,19.68044,0.46381,34.98038,0.05389,0.1784,0.03692,45
Arabian Sea,2,500.0,16.35242,0.41929,35.00386,0.05299,0.12267,0.03352,50
Arabian Sea,2,750.0,14.06963,0.41337,35.12202,0.06076,0.08576,0.03183,44
Arabian Sea,2,1000.0,12.64128,0.41732,35.24843,0.05634,0.05491,0.02651,38
Arabian Sea,2,1500.0,11.43015,0.4705,35.55196,0.0725,0.04795,0.0227,34
Arabian Sea,2,2000.0,11.23329,0.41866,35.85168,0.08153,0.04527,0.02056,33
Arabian Sea,3,0.0,28.94593,0.43506,35.13424,0.05811,0.43716,0.0541,76
Arabian Sea,3,10.0,28.59464,0.4439,35.10676,0.05781,0.42831,0.05118,67
Arabian Sea,3,25.0,27.94347,0.45158,35.09561,0.05212,0.41713,0.05407,80
Arabian Sea,3,50.0,26.95971,0.4598,35.07397,0.0498,0.3942,0.0457,73
Arabian Sea,3,75.0,26.05039,0.45654,35.0425,0.06312,0.3877,0.0501,70
Arabian Sea,3,100.0,25.20437,0.46714,35.02039,0.05883,0.35501,0.05484,61
Arabian Sea,3,150.0,23.62158,0.42824,34.98388,0.06038,0.32646,0.04274,57
Arabian Sea,3,200.0,22.2202,0.42001,34.95484,0.07148,0.29655,0.04291,73
Arabian Sea,3,300.0,19.92364,0.44708,34.94705,0.06093,0.2482,0.0426,54
Arabian Sea,3,500.0,16.69804,0.3984,34.98076,0.07584,0.16691,0.03546,41
Arabian Sea,3,750.0,14.3086,0.47147,35.09352,0.07827,0.11039,0.03765,53
Arabian Sea,3,1000.0,12.82968,0.4901,35.21543,0.07973,0.08068,0.0349,39
Arabian Sea,3,1500.0,11.78345,0.50551,35.52393,0.07184,0.04733,0.025,39
Arabian Sea,3,2000.0,11.29342,0.42315,35.89481,0.08561,0.0478,0.02892,28
Arabian Sea,4,0.0,29.17944,0.42159,35.10939,0.05622,0.57047,0.04418,75
Arabian Sea,4,10.0,28.65101,0.4503,35.1053,0.0546,0.54937,0.04094,59
Arabian Sea,4,25.0,28.02141,0.44884,35.08811,0.06213,0.54758,0.05059,81
Arabian Sea,4,50.0,27.10357,0.41898,35.05344,0.05377,0.5183,0.04156,66
Arabian Sea,4,75.0,26.175,0.43328,35.02402,0.05746,0.49756,0.03917,56
Arabian Sea,4,100.0,25.24838,0.49597,35.00029,0.06476,0.47275,0.0403,62
Arabian Sea,4,150.0,23.74014,0.47969,34.97137,0.06022,0.42188,0.04223,60
Arabian Sea,4,200.0,22.38721,0.44284,34.9415,0.05103,0.37993,0.03915,51
Arabian Sea,4,300.0,20.20421,0.32521,34.90947,0.06153,0.31436,0.03606,51
Arabian Sea,4,500.0,16.90591,0.40392,34.97933,0.07393,0.21218,0.03032,46
Arabian Sea,4,750.0,14.44412,0.41647,35.07289,0.06737,0.13114,0.03974,37
Arabian Sea,4,1000.0,12.99725,0.45544,35.23277,0.0702,0.09232,0.02968,34
Arabian Sea,4,1500.0,11.76099,0.46255,35.52371,0.08516,0.05437,0.02151,50
Arabian Sea,4,2000.0,11.39935,0.47716,35.82167,0.05726,0.04434,0.02356,22
Arabian Sea,5,0.0,28.94894,0.49514,35.14758,0.05981,0.62306,0.0319,67
Arabian Sea,5,10.0,28.48291,0.46999,35.1205,0.06738,0.60332,0.0356,80
Arabian Sea,5,25.0,27.81252,0.39938,35.1102,0.05945,0.5861,0.03651,65
Arabian Sea,5,50.0,26.97673,0.41809,35.08342,0.05844,0.55238,0.03265,83
Arabian Sea,5,75.0,25.9844,0.50246,35.04528,0.06674,0.53078,0.02756,65
Arabian Sea,5,100.0,25.17302,0.41989,35.02754,0.06061,0.50201,0.03595,65
Arabian Sea,5,150.0,23.66842,0.52172,34.99469,0.06405,0.45511,0.03337,75
Arabian Sea,5,200.0,22.25632,0.42736,34.97496,0.06113,0.40488,0.0349,64
Arabian Sea,5,300.0,19.94512,0.44382,34.94637,0.06914,0.34529,0.0392,53
Arabian Sea,5,500.0,16.52906,0.48835,34.99247,0.07211,0.22517,0.02806,53
Arabian Sea,5,750.0,14.23209,0.47671,35.09666,0.07785,0.13991,0.03293,40
Arabian Sea,5,1000.0,12.64878,0.49914,35.22473,0.06726,0.09449,0.03218,38
Arabian Sea,5,1500.0,11.7144,0.45147,35.5215,0.07876,0.05117,0.02703,39
Arabian Sea,5,2000.0,11.18808,0.46843,35.85043,0.07576,0.04107,0.01957,35
Arabian Sea,6,0.0,28.61952,0.43942,35.16836,0.07167,0.55969,0.04409,69
Arabian Sea,6,10.0,28.29457,0.3983,35.178,0.06219,0.53849,0.05795,58
Arabian Sea,6,25.0,27.67682,0.41743,35.14542,0.05037,0.53015,0.04871,59
Arabian Sea,6,50.0,26.65481,0.47188,35.11015,0.05047,0.49918,0.04923,61
Arabian Sea,6,75.0,25.65812,0.49173,35.07982,0.05323,0.47346,0.04494,79
Arabian Sea,6,100.0,24.87043,0.49364,35.07081,0.05692,0.44697,0.03749,63
Arabian Sea,6,150.0,23.29564,0.46315,35.02956,0.06587,0.4126,0.04593,64
Arabian Sea,6,200.0,21.9506,0.41484,35.01811,0.06234,0.36237,0.04245,73
Arabian Sea,6,300.0,19.49478,0.42895,34.99378,0.06687,0.28354,0.03575,69
Arabian Sea,6,500.0,16.19087,0.47162,35.02167,0.05553,0.20976,0.03523,41
Arabian Sea,6,750.0,13.87599,0.39889,35.13161,0.07555,0.12376,0.03921,40
Arabian Sea,6,1000.0,12.56274,0.45675,35.25725,0.09056,0.08046,0.03614,29
Arabian Sea,6,1500.0,11.3488,0.47346,35.57206,0.06622,0.05318,0.02784,42
Arabian Sea,6,2000.0,11.05806,0.46338,35.86924,0.08924,0.0438,0.02416,30
Arabian Sea,7,0.0,28.1321,0.44465,35.22674,0.06543,0.38158,0.06807,70
Arabian Sea,7,10.0,27.80756,0.3911,35.22822,0.06566,0.37083,0.05799,59
Arabian Sea,7,25.0,27.13648,0.47899,35.17307,0.06388,0.35895,0.07358,51
Arabian Sea,7,50.0,26.15437,0.42584,35.16705,0.06956,0.35812,0.06902,77
Arabian Sea,7,75.0,25.23653,0.44472,35.13613,0.05911,0.33888,0.05859,63
Arabian Sea,7,100.0,24.39698,0.46974,35.0922,0.06449,0.31969,0.05255,59
Arabian Sea,7,150.0,22.81549,0.47912,35.06383,0.06533,0.28031,0.0575,63
Arabian Sea,7,200.0,21.44937,0.45439,35.05849,0.0573,0.24709,0.05315,65
Arabian Sea,7,300.0,19.25506,0.41563,35.03268,0.06044,0.2173,0.04778,51
Arabian Sea,7,500.0,15.83042,0.49119,35.08737,0.07277,0.13602,0.03645,38
Arabian Sea,7,750.0,13.50189,0.31322,35.20195,0.06658,0.09008,0.02872,36
Arabian Sea,7,1000.0,12.11287,0.45882,35.3035,0.06588,0.06644,0.02179,36
Arabian Sea,7,1500.0,10.93616,0.48676,35.61922,0.07483,0.04843,0.02284,54
Arabian Sea,7,2000.0,10.35721,0.4332,35.91338,0.09574,0.03841,0.01849,25
Arabian Sea,8,0.0,27.78195,0.44342,35.27635,0.05791,0.19263,0.04616,79
Arabian Sea,8,10.0,27.24124,0.43775,35.25371,0.06508,0.20133,0.04879,76
Arabian Sea,8,25.0,26.86837,0.40557,35.23192,0.06041,0.20341,0.05235,52
Arabian Sea,8,50.0,25.73228,0.41872,35.20217,0.06568,0.18227,0.04865,72
Arabian Sea,8,75.0,24.99181,0.43285,35.18812,0.06149,0.16805,0.04223,59
Arabian Sea,8,100.0,23.88418,0.43134,35.13904,0.05666,0.17375,0.04883,66
Arabian Sea,8,150.0,22.52779,0.40293,35.12589,0.06735,0.15015,0.04143,47
Arabian Sea,8,200.0,21.02839,0.43164,35.11069,0.05938,0.13652,0.04345,50
Arabian Sea,8,300.0,18.70928,0.4727,35.08102,0.05899,0.11847,0.03977,56
Arabian Sea,8,500.0,15.57775,0.39709,35.09932,0.05613,0.08329,0.03767,44
Arabian Sea,8,750.0,12.99426,0.41537,35.21339,0.06534,0.05472,0.02839,50
Arabian Sea,8,1000.0,11.81016,0.41431,35.33477,0.08563,0.05465,0.02823,36
Arabian Sea,8,1500.0,10.52731,0.41901,35.66757,0.08058,0.04666,0.02018,40
Arabian Sea,8,2000.0,10.1626,0.51149,35.95367,0.07523,0.03889,0.01877,29
Arabian Sea,9,0.0,27.49414,0.48151,35.29591,0.06311,0.20885,0.05181,80
Arabian Sea,9,10.0,27.04573,0.43576,35.26354,0.05653,0.22185,0.05366,64
Arabian Sea,9,25.0,26.52252,0.42616,35.25141,0.05636,0.20355,0.0465,72
Arabian Sea,9,50.0,25.53064,0.41048,35.22044,0.05867,0.18856,0.04657,95
Arabian Sea,9,75.0,24.5574,0.44377,35.1985,0.06837,0.17122,0.03953,52
Arabian Sea,9,100.0,23.8772,0.38166,35.18252,0.05196,0.18467,0.04061,65
Arabian Sea,9,150.0,22.25445,0.45107,35.14073,0.05523,0.15945,0.04312,70
Arabian Sea,9,200.0,20.76035,0.46462,35.11678,0.05767,0.14504,0.04254,54
Arabian Sea,9,300.0,18.42511,0.49115,35.10431,0.06349,0.11369,0.03676,47
Arabian Sea,9,500.0,15.31581,0.47029,35.12607,0.05981,0.07982,0.03395,46
Arabian Sea,9,750.0,12.82167,0.4579,35.24807,0.06553,0.07053,0.0331,40
Arabian Sea,9,1000.0,11.59704,0.39559,35.38138,0.05863,0.05318,0.02329,33
Arabian Sea,9,1500.0,10.34064,0.39607,35.64799,0.07399,0.04447,0.01922,42
Arabian Sea,9,2000.0,9.8124,0.38218,35.97314,0.07144,0.04816,0.02539,20
Arabian Sea,10,0.0,27.45597,0.4445,35.30259,0.0668,0.3399,0.04601,72
Arabian Sea,10,10.0,27.08045,0.42177,35.28576,0.06045,0.34088,0.04667,64
Arabian Sea,10,25.0,26.41146,0.43761,35.25512,0.06011,0.33675,0.04437,62
Arabian Sea,10,50.0,25.52877,0.34542,35.22762,0.06285,0.32374,0.05025,85
Arabian Sea,10,75.0,24.62755,0.41348,35.18733,0.05326,0.30341,0.04269,72
Arabian Sea,10,100.0,23.61773,0.46529,35.16908,0.05426,0.28281,0.03711,74
Arabian Sea,10,150.0,22.28927,0.39504,35.13913,0.05764,0.26081,0.04326,57
Arabian Sea,10,200.0,20.75174,0.43746,35.11243,0.05427,0.23448,0.0508,62
Arabian Sea,10,300.0,18.5026,0.4702,35.10973,0.05137,0.18932,0.03804,45
Arabian Sea,10,500.0,15.25234,0.40582,35.12302,0.06911,0.13487,0.04132,44
Arabian Sea,10,750.0,12.75969,0.45399,35.25962,0.04825,0.09318,0.03624,45
Arabian Sea,10,1000.0,11.2421,0.48608,35.38639,0.07512,0.06224,0.03304,28
Arabian Sea,10,1500.0,10.31049,0.43716,35.68473,0.08766,0.04172,0.02212,38
Arabian Sea,10,2000.0,9.8151,0.45184,35.99044,0.08789,0.04356,0.02421,36
Arabian Sea,11,0.0,27.65526,0.43723,35.26513,0.05915,0.41838,0.0364,85
Arabian Sea,11,10.0,27.17977,0.4597,35.25364,0.05207,0.40205,0.03309,51
Arabian Sea,11,25.0,26.65655,0.50114,35.2395,0.06989,0.39939,0.0346,49
Arabian Sea,11,50.0,25.65005,0.4798,35.20547,0.05992,0.37862,0.03978,65
Arabian Sea,11,75.0,24.77724,0.48245,35.17665,0.05977,0.36415,0.03528,71
Arabian Sea,11,100.0,23.86336,0.40483,35.1706,0.0683,0.34993,0.04273,72
Arabian Sea,11,150.0,22.2654,0.41169,35.11861,0.06524,0.31851,0.03657,59
Arabian Sea,11,200.0,20.95127,0.39836,35.09974,0.05374,0.27593,0.03436,51
Arabian Sea,11,300.0,18.54424,0.42938,35.07716,0.06507,0.2377,0.02804,52
Arabian Sea,11,500.0,15.34231,0.43541,35.12402,0.0662,0.1552,0.03875,43
Arabian Sea,11,750.0,12.82742,0.40249,35.22028,0.05992,0.10554,0.02914,28
Arabian Sea,11,1000.0,11.6804,0.38352,35.37516,0.07085,0.07012,0.03016,46
Arabian Sea,11,1500.0,10.44734,0.44494,35.66215,0.06703,0.04986,0.0234,43
Arabian Sea,11,2000.0,10.06626,0.36697,35.94957,0.0753,0.04791,0.02628,29
Arabian Sea,12,0.0,27.90421,0.44963,35.24641,0.05803,0.38094,0.03999,89
Arabian Sea,12,10.0,27.56149,0.51281,35.22406,0.05136,0.37887,0.04076,60
Arabian Sea,12,25.0,26.93865,0.4258,35.19517,0.05954,0.37029,0.04007,68
Arabian Sea,12,50.0,26.01263,0.39695,35.17933,0.0596,0.35471,0.04153,70
Arabian Sea,12,75.0,25.16269,0.42235,35.13588,0.06085,0.33459,0.03849,48
Arabian Sea,12,100.0,24.29817,0.42838,35.12075,0.05927,0.32259,0.04272,58
Arabian Sea,12,150.0,22.64913,0.48573,35.09191,0.05812,0.29114,0.03937,57
Arabian Sea,12,200.0,21.26756,0.43813,35.06712,0.05526,0.26208,0.03504,58
Arabian Sea,12,300.0,18.87582,0.45571,35.06035,0.06854,0.22268,0.03508,54
Arabian Sea,12,500.0,15.71505,0.50751,35.08507,0.06598,0.14081,0.03158,50
Arabian Sea,12,750.0,13.165,0.46614,35.19925,0.07399,0.09925,0.03246,43
Arabian Sea,12,1000.0,11.92203,0.41588,35.30986,0.07209,0.06082,0.02727,46
Arabian Sea,12,1500.0,10.652,0.44909,35.63041,0.07678,0.0532,0.02783,46
Arabian Sea,12,2000.0,10.38856,0.38182,35.92284,0.08124,0.05086,0.02748,37
Bay of Bengal,1,0.0,28.52199,0.36307,33.36915,0.06732,0.4179,0.04833,161
Bay of Bengal,1,10.0,28.18171,0.37355,33.49034,0.0639,0.40976,0.0444,138
Bay of Bengal,1,25.0,27.47922,0.38908,33.64194,0.06236,0.40217,0.04617,118
Bay of Bengal,1,50.0,26.53666,0.371,33.89066,0.05436,0.37362,0.0441,137
Bay of Bengal,1,75.0,25.65609,0.37075,34.08663,0.06053,0.35514,0.04019,117
Bay of Bengal,1,100.0,24.76734,0.38738,34.26181,0.05845,0.33461,0.04651,113
Bay of Bengal,1,150.0,23.26222,0.38529,34.50619,0.06335,0.31297,0.04517,121
Bay of Bengal,1,200.0,21.7729,0.3828,34.68756,0.05978,0.28548,0.03829,99
Bay of Bengal,1,300.0,19.52264,0.35006,34.92526,0.06219,0.22714,0.03875,104
Bay of Bengal,1,500.0,16.25325,0.37057,35.17915,0.05852,0.15727,0.03381,97
Bay of Bengal,1,750.0,13.82409,0.36598,35.36643,0.05925,0.09805,0.03481,79
Bay of Bengal,1,1000.0,12.49836,0.40709,35.52322,0.06644,0.0684,0.02877,81
Bay of Bengal,1,1500.0,11.25669,0.40909,35.82488,0.07252,0.04819,0.02495,67
Bay of Bengal,1,2000.0,10.89988,0.43859,36.1447,0.06807,0.04491,0.02323,64
Bay of Bengal,2,0.0,28.90748,0.36972,33.2915,0.05471,0.43643,0.05007,128
Bay of Bengal,2,10.0,28.43339,0.38102,33.417,0.05,0.43027,0.04051,104
Bay of Bengal,2,25.0,27.84512,0.39973,33.56712,0.05937,0.41405,0.04354,104
Bay of Bengal,2,50.0,26.94347,0.3694,33.81679,0.05212,0.39539,0.04169,115
Bay of Bengal,2,75.0,26.0163,0.33714,34.02618,0.05863,0.3829,0.04076,117
Bay of Bengal,2,100.0,25.15895,0.36501,34.188,0.05952,0.36154,0.0383,103
Bay of Bengal,2,150.0,23.59998,0.35346,34.45766,0.05648,0.31766,0.03918,113
Bay of Bengal,2,200.0,22.21072,0.40896,34.646,0.05454,0.29508,0.03984,115
Bay of Bengal,2,300.0,19.92881,0.35865,34.89395,0.05624,0.24254,0.03528,99
Bay of Bengal,2,500.0,16.61865,0.34883,35.14434,0.05982,0.1634,0.03824,90
Bay of Bengal,2,750.0,14.15737,0.4024,35.35415,0.06124,0.10359,0.03416,64
Bay of Bengal,2,1000.0,12.83848,0.4183,35.49552,0.06744,0.07182,0.03169,80
Bay of Bengal,2,1500.0,11.6442,0.40501,35.81466,0.0771,0.05129,0.0244,84
Bay of Bengal,2,2000.0,11.40886,0.27774,36.11998,0.08774,0.04397,0.02156,61
Bay of Bengal,3,0.0,29.08875,0.32876,33.2914,0.05476,0.36035,0.05275,142
Bay of Bengal,3,10.0,28.72209,0.34075,33.40538,0.06389,0.35949,0.05183,114
Bay of Bengal,3,25.0,28.11811,0.37236,33.57957,0.05231,0.3522,0.05362,112
Bay of Bengal,3,50.0,27.14944,0.3513,33.81868,0.04971,0.33323,0.04903,158
Bay of Bengal,3,75.0,26.20985,0.38876,34.0218,0.05972,0.32232,0.04577,112
Bay of Bengal,3,100.0,25.36238,0.40163,34.18514,0.05949,0.30398,0.04803,111
Bay of Bengal,3,150.0,23.84739,0.35306,34.45124,0.05918,0.27381,0.04392,118
Bay of Bengal,3,200.0,22.46745,0.36195,34.62893,0.05855,0.2524,0.04642,136
Bay of Bengal,3,300.0,20.16762,0.36538,34.87006,0.05823,0.2077,0.03755,103
Bay of Bengal,3,500.0,16.87493,0.35738,35.12693,0.05954,0.13654,0.03802,84
Bay of Bengal,3,750.0,14.44874,0.35314,35.31019,0.06382,0.09173,0.03221,66
Bay of Bengal,3,1000.0,13.11913,0.34424,35.48726,0.06659,0.06331,0.0253,77
Bay of Bengal,3,1500.0,11.84299,0.43746,35.79616,0.07318,0.04911,0.02369,81
Bay of Bengal,3,2000.0,11.56087,0.37073,36.07417,0.07528,0.05265,0.02579,50
Bay of Bengal,4,0.0,29.1669,0.36095,33.37819,0.06405,0.25361,0.05394,143
Bay of Bengal,4,10.0,28.80998,0.33825,33.50147,0.07042,0.24058,0.05168,112
Bay of Bengal,4,25.0,28.15472,0.35132,33.65288,0.06275,0.24222,0.04929,121
Bay of Bengal,4,50.0,27.17998,0.36945,33.88375,0.05407,0.21858,0.04841,129
Bay of Bengal,4,75.0,26.2781,0.3832,34.07736,0.06237,0.20802,0.04787,129
Bay of Bengal,4,100.0,25.41115,0.33847,34.23803,0.05891,0.21111,0.05182,105
Bay of Bengal,4,150.0,23.90044,0.34499,34.46876,0.05731,0.18742,0.04478,130
Bay of Bengal,4,200.0,22.52648,0.36857,34.6505,0.05786,0.17605,0.04394,116
Bay of Bengal,4,300.0,20.22463,0.34012,34.87906,0.05879,0.13461,0.03912,103
Bay of Bengal,4,500.0,16.95016,0.35715,35.11523,0.06265,0.0941,0.03456,76
Bay of Bengal,4,750.0,14.35019,0.38737,35.29326,0.0751,0.06163,0.03197,61
Bay of Bengal,4,1000.0,13.09458,0.36869,35.46136,0.06484,0.05268,0.02789,74
Bay of Bengal,4,1500.0,11.92708,0.41316,35.7626,0.07182,0.04358,0.02288,75
Bay of Bengal,4,2000.0,11.60482,0.35937,36.05849,0.07106,0.04728,0.02344,48
Bay of Bengal,5,0.0,29.03741,0.33046,33.53539,0.0643,0.2243,0.03849,157
Bay of Bengal,5,10.0,28.62185,0.32106,33.6436,0.06716,0.21663,0.04098,117
Bay of Bengal,5,25.0,28.0456,0.33542,33.7717,0.06622,0.21073,0.03963,109
Bay of Bengal,5,50.0,27.07905,0.36606,33.9913,0.06474,0.20577,0.04019,138
Bay of Bengal,5,75.0,26.13116,0.36255,34.16542,0.06103,0.19196,0.04105,122
Bay of Bengal,5,100.0,25.33753,0.36459,34.31869,0.05994,0.18967,0.03904,138
Bay of Bengal,5,150.0,23.65994,0.39401,34.52776,0.06541,0.17109,0.03567,125
Bay of Bengal,5,200.0,22.35483,0.37241,34.68418,0.06211,0.15355,0.03641,116
Bay of Bengal,5,300.0,19.96992,0.35634,34.88867,0.06454,0.12489,0.03516,92
Bay of Bengal,5,500.0,16.7636,0.36596,35.10359,0.05756,0.08773,0.03699,87
Bay of Bengal,5,750.0,14.42898,0.3505,35.27147,0.05576,0.07076,0.03127,60
Bay of Bengal,5,1000.0,12.98987,0.36712,35.43116,0.0606,0.04417,0.02464,78
Bay of Bengal,5,1500.0,11.77941,0.35073,35.73392,0.06877,0.04625,0.02473,78
Bay of Bengal,5,2000.0,11.50748,0.41382,36.04236,0.07799,0.0411,0.02396,62
Bay of Bengal,6,0.0,28.76464,0.35137,33.69031,0.06947,0.32957,0.05463,170
Bay of Bengal,6,10.0,28.37007,0.34142,33.7918,0.06669,0.32547,0.05058,115
Bay of Bengal,6,25.0,27.73531,0.37417,33.92729,0.074,0.32115,0.04682,123
Bay of Bengal,6,50.0,26.74797,0.3639,34.1268,0.06265,0.30308,0.05131,137
Bay of Bengal,6,75.0,25.89705,0.36933,34.27734,0.0608,0.28224,0.04645,116
Bay of Bengal,6,100.0,24.99487,0.3407,34.4058,0.06581,0.27539,0.04659,128
Bay of Bengal,6,150.0,23.46817,0.38528,34.60394,0.06565,0.24586,0.04144,123
Bay of Bengal,6,200.0,22.05073,0.37097,34.73701,0.06031,0.22475,0.04447,116
Bay of Bengal,6,300.0,19.82198,0.32147,34.91751,0.05617,0.1895,0.03988,98
Bay of Bengal,6,500.0,16.48271,0.38496,35.11692,0.06367,0.12619,0.03483,91
Bay of Bengal,6,750.0,13.98225,0.39768,35.26822,0.06107,0.07708,0.03684,70
Bay of Bengal,6,1000.0,12.7033,0.33271,35.42641,0.07271,0.06675,0.0281,79
Bay of Bengal,6,1500.0,11.62249,0.32748,35.72819,0.06646,0.04372,0.02405,71
Bay of Bengal,6,2000.0,11.12124,0.32898,36.01628,0.08404,0.04871,0.02453,58
Bay of Bengal,7,0.0,28.36544,0.36966,33.83522,0.06727,0.42648,0.04259,133
Bay of Bengal,7,10.0,27.93601,0.36347,33.9304,0.06722,0.42035,0.04119,124
Bay of Bengal,7,25.0,27.30731,0.37179,34.04929,0.06722,0.41505,0.0415,111
Bay of Bengal,7,50.0,26.35784,0.38019,34.23064,0.06312,0.38973,0.03678,153
Bay of Bengal,7,75.0,25.47878,0.40784,34.37525,0.05698,0.37232,0.04163,121
Bay of Bengal,7,100.0,24.60301,0.37726,34.48944,0.06218,0.35206,0.0421,123
Bay of Bengal,7,150.0,23.09274,0.37109,34.67408,0.06159,0.31955,0.04171,107
Bay of Bengal,7,200.0,21.66304,0.38177,34.79158,0.05836,0.29005,0.03463,107
Bay of Bengal,7,300.0,19.41132,0.34044,34.96212,0.0618,0.23907,0.03744,105
Bay of Bengal,7,500.0,16.11071,0.34554,35.12472,0.06351,0.15956,0.03244,82
Bay of Bengal,7,750.0,13.70405,0.3726,35.26091,0.05552,0.10737,0.03712,79
Bay of Bengal,7,1000.0,12.28335,0.39821,35.43607,0.06497,0.07233,0.03224,79
Bay of Bengal,7,1500.0,11.12161,0.36152,35.73852,0.06014,0.05014,0.02502,85
Bay of Bengal,7,2000.0,10.76017,0.33375,36.05151,0.07633,0.04206,0.02332,67
Bay of Bengal,8,0.0,28.00397,0.36613,33.92209,0.05801,0.43073,0.03614,134
Bay of Bengal,8,10.0,27.54404,0.34571,34.0135,0.05632,0.42694,0.04343,117
Bay of Bengal,8,25.0,26.95989,0.3607,34.131,0.05051,0.40224,0.04256,99
Bay of Bengal,8,50.0,26.00848,0.33423,34.29798,0.05211,0.38723,0.04406,159
Bay of Bengal,8,75.0,25.04037,0.40182,34.44088,0.05867,0.37423,0.03864,143
Bay of Bengal,8,100.0,24.2225,0.36947,34.56104,0.05405,0.35481,0.0415,116
Bay of Bengal,8,150.0,22.60595,0.39229,34.72228,0.06146,0.31998,0.03751,119
Bay of Bengal,8,200.0,21.26644,0.37356,34.84983,0.0645,0.29607,0.03784,105
Bay of Bengal,8,300.0,18.97062,0.35612,35.00765,0.05683,0.23229,0.03475,110
Bay of Bengal,8,500.0,15.69717,0.36154,35.15515,0.06108,0.16235,0.03772,81
Bay of Bengal,8,750.0,13.30479,0.40028,35.29872,0.06146,0.10277,0.03457,101
Bay of Bengal,8,1000.0,11.95944,0.3484,35.46092,0.07016,0.07052,0.02651,76
Bay of Bengal,8,1500.0,10.74349,0.35589,35.76247,0.06865,0.0492,0.0268,60
Bay of Bengal,8,2000.0,10.33223,0.37164,36.08575,0.07174,0.04914,0.02606,56
Bay of Bengal,9,0.0,27.68717,0.34368,33.925,0.05036,0.32572,0.05717,138
Bay of Bengal,9,10.0,27.29834,0.34947,34.0107,0.05112,0.31704,0.0483,95
Bay of Bengal,9,25.0,26.69587,0.34086,34.12752,0.05438,0.31325,0.06003,107
Bay of Bengal,9,50.0,25.74819,0.334,34.30964,0.05666,0.2935,0.05576,146
Bay of Bengal,9,75.0,24.82541,0.35633,34.45547,0.05456,0.29378,0.05058,107
Bay of Bengal,9,100.0,23.98115,0.35009,34.56862,0.05254,0.26721,0.05168,128
Bay of Bengal,9,150.0,22.39529,0.35523,34.75562,0.05538,0.2429,0.05289,125
Bay of Bengal,9,200.0,21.01349,0.34253,34.87458,0.05684,0.22444,0.04944,105
Bay of Bengal,9,300.0,18.73226,0.37472,35.01275,0.06506,0.1746,0.03949,112
Bay of Bengal,9,500.0,15.44073,0.35964,35.18098,0.06149,0.13203,0.03884,96
Bay of Bengal,9,750.0,13.02108,0.36481,35.32771,0.069,0.08524,0.03904,71
Bay of Bengal,9,1000.0,11.63139,0.31888,35.49862,0.07109,0.05765,0.02718,71
Bay of Bengal,9,1500.0,10.52444,0.33538,35.78804,0.06706,0.04938,0.02583,66
Bay of Bengal,9,2000.0,10.08843,0.34714,36.09729,0.0801,0.04582,0.02257,74
Bay of Bengal,10,0.0,27.54312,0.37244,33.84452,0.06789,0.1467,0.06185,145
Bay of Bengal,10,10.0,27.13281,0.3421,33.95167,0.06254,0.15352,0.07079,108
Bay of Bengal,10,25.0,26.60171,0.34285,34.07773,0.05568,0.14187,0.07257,121
Bay of Bengal,10,50.0,25.62311,0.34865,34.26096,0.05327,0.13484,0.06119,124
Bay of Bengal,10,75.0,24.69194,0.36428,34.40819,0.06012,0.13135,0.06199,107
Bay of Bengal,10,100.0,23.88299,0.34619,34.55122,0.06097,0.1204,0.05631,118
Bay of Bengal,10,150.0,22.28978,0.35276,34.7238,0.05552,0.10792,0.05515,115
Bay of Bengal,10,200.0,20.94603,0.347,34.86232,0.06055,0.10341,0.04891,98
Bay of Bengal,10,300.0,18.58534,0.3798,35.03059,0.05791,0.08915,0.04164,107
Bay of Bengal,10,500.0,15.38757,0.37121,35.21467,0.06282,0.06611,0.03217,78
Bay of Bengal,10,750.0,12.9332,0.35294,35.36299,0.07099,0.05333,0.02687,69
Bay of Bengal,10,1000.0,11.66247,0.39891,35.51743,0.07066,0.04541,0.02126,64
Bay of Bengal,10,1500.0,10.43165,0.36285,35.81515,0.06921,0.04402,0.02383,62
Bay of Bengal,10,2000.0,9.98528,0.42599,36.11465,0.08883,0.04125,0.02052,63
Bay of Bengal,11,0.0,27.7368,0.36637,33.69687,0.08071,0.11091,0.062,174
Bay of Bengal,11,10.0,27.32341,0.38182,33.81243,0.08212,0.10421,0.05722,128
Bay of Bengal,11,25.0,26.70465,0.3734,33.94098,0.07407,0.10121,0.05514,94
Bay of Bengal,11,50.0,25.77159,0.35653,34.14725,0.0746,0.09718,0.05028,121
Bay of Bengal,11,75.0,24.8689,0.32491,34.32245,0.06403,0.09241,0.05045,119
Bay of Bengal,11,100.0,24.01438,0.37158,34.44228,0.06604,0.09488,0.051,118
Bay of Bengal,11,150.0,22.47773,0.35075,34.66387,0.05274,0.08774,0.04785,129
Bay of Bengal,11,200.0,21.10175,0.34825,34.82396,0.06589,0.07054,0.04266,111
Bay of Bengal,11,300.0,18.81779,0.34462,35.00473,0.05597,0.0739,0.03988,98
Bay of Bengal,11,500.0,15.45594,0.39744,35.20714,0.05443,0.05384,0.02895,84
Bay of Bengal,11,750.0,13.16217,0.2922,35.38212,0.05497,0.04371,0.02199,60
Bay of Bengal,11,1000.0,11.7637,0.40489,35.54012,0.06701,0.04734,0.02658,86
Bay of Bengal,11,1500.0,10.62662,0.3856,35.84767,0.06219,0.04155,0.02294,86
Bay of Bengal,11,2000.0,10.19377,0.37546,36.14636,0.0672,0.04385,0.02103,56
Bay of Bengal,12,0.0,28.10428,0.37632,33.51418,0.07664,0.29273,0.06186,147
Bay of Bengal,12,10.0,27.70805,0.37524,33.62331,0.07127,0.29134,0.05913,118
Bay of Bengal,12,25.0,27.08656,0.3687,33.78843,0.06981,0.27872,0.06673,112
Bay of Bengal,12,50.0,26.14407,0.36275,34.00531,0.06773,0.26641,0.06148,154
Bay of Bengal,12,75.0,25.22716,0.37458,34.19917,0.0651,0.24734,0.05992,143
Bay of Bengal,12,100.0,24.36019,0.38255,34.35087,0.0595,0.22874,0.05605,124
Bay of Bengal,12,150.0,22.81714,0.38462,34.58239,0.07127,0.21354,0.0506,109
Bay of Bengal,12,200.0,21.38031,0.38476,34.75945,0.05275,0.19057,0.05033,123
Bay of Bengal,12,300.0,19.15608,0.39884,34.97718,0.05404,0.1563,0.05022,106
Bay of Bengal,12,500.0,15.817,0.37631,35.20287,0.06576,0.10466,0.0394,88
Bay of Bengal,12,750.0,13.49109,0.3561,35.37991,0.06004,0.08077,0.03442,77
Bay of Bengal,12,1000.0,12.07166,0.40241,35.54577,0.07656,0.06265,0.02855,92
Bay of Bengal,12,1500.0,10.82659,0.36848,35.86667,0.07609,0.05052,0.01984,74
Bay of Bengal,12,2000.0,10.47235,0.38715,36.13977,0.08125,0.04443,0.02322,73
Indian Ocean,1,0.0,27.62997,0.63584,34.79672,0.05735,0.33804,0.04345,28
Indian Ocean,1,10.0,27.00362,0.67619,34.82766,0.05398,0.33731,0.04236,16
Indian Ocean,1,25.0,26.55121,0.59367,34.80833,0.07945,0.31924,0.03873,23
Indian Ocean,1,50.0,25.2409,0.44259,34.83108,0.09433,0.29616,0.03256,21
Indian Ocean,1,75.0,24.72839,0.5072,34.84735,0.04731,0.2894,0.03888,15
Indian Ocean,1,100.0,24.00766,0.53089,34.88682,0.07914,0.28698,0.02604,18
Indian Ocean,1,150.0,22.33569,0.69748,34.86552,0.06074,0.2416,0.03965,24
Indian Ocean,1,200.0,21.04047,0.54066,34.91781,0.06519,0.22857,0.03747,17
Indian Ocean,1,300.0,18.74867,0.55815,34.95842,0.08872,0.18653,0.04245,15
Indian Ocean,1,500.0,15.00868,0.48559,35.11088,0.05798,0.12608,0.02405,11
Indian Ocean,1,750.0,12.77312,0.50289,35.29775,0.08528,0.09072,0.04373,11
Indian Ocean,1,1500.0,10.34432,0.57617,35.74288,0.0688,0.04259,0.02383,11
Indian Ocean,1,2000.0,10.33153,0.7136,35.99043,0.1138,0.05037,0.02909,9
Indian Ocean,2,0.0,28.13337,0.53598,34.76526,0.06433,0.35123,0.03949,16
Indian Ocean,2,10.0,27.49653,0.66876,34.79083,0.06278,0.35031,0.0367,11
Indian Ocean,2,25.0,26.92656,0.45492,34.79037,0.05468,0.33847,0.03499,15
Indian Ocean,2,50.0,25.95781,0.57238,34.80568,0.07815,0.32319,0.05106,28
Indian Ocean,2,75.0,25.31234,0.50076,34.82582,0.09141,0.30386,0.0471,22
Indian Ocean,2,150.0,22.90377,0.60785,34.84059,0.07157,0.27112,0.0381,17
Indian Ocean,2,200.0,21.35465,0.6767,34.9053,0.06071,0.24653,0.04087,15
Indian Ocean,2,300.0,18.86547,0.55316,34.92853,0.05897,0.20598,0.04377,11
Indian Ocean,2,500.0,15.85371,0.60143,35.10345,0.06673,0.14524,0.02247,8
Indian Ocean,2,1000.0,11.97627,0.5438,35.40128,0.04749,0.05546,0.03048,13
Indian Ocean,3,0.0,28.22186,0.57633,34.73825,0.06879,0.35819,0.05144,23
Indian Ocean,3,10.0,27.79806,0.42168,34.76605,0.04493,0.33985,0.04171,17
Indian Ocean,3,25.0,27.39467,0.50418,34.77382,0.0552,0.35515,0.03509,20
Indian Ocean,3,50.0,26.29702,0.52235,34.78329,0.07879,0.31132,0.04617,18
Indian Ocean,3,75.0,25.37726,0.62768,34.75427,0.07926,0.30998,0.05349,11
Indian Ocean,3,100.0,24.60115,0.50146,34.78298,0.07323,0.29084,0.03932,22
Indian Ocean,3,150.0,23.07283,0.52727,34.83048,0.07219,0.26244,0.03604,11
Indian Ocean,3,200.0,21.66463,0.57316,34.87185,0.06935,0.23422,0.04949,15
Indian Ocean,3,300.0,19.14658,0.516,34.91891,0.0725,0.19277,0.03835,15
Indian Ocean,3,500.0,16.04358,0.55125,35.05692,0.06639,0.12318,0.03294,16
Indian Ocean,3,750.0,13.54135,0.41872,35.18723,0.06622,0.08957,0.03363,9
Indian Ocean,3,1000.0,12.18008,0.4062,35.37665,0.05324,0.06134,0.02965,9
Indian Ocean,3,1500.0,10.90853,0.60495,35.64632,0.08893,0.04278,0.02459,12
Indian Ocean,4,0.0,28.07029,0.6079,34.7164,0.06382,0.32882,0.05794,27
Indian Ocean,4,10.0,28.08192,0.48351,34.7439,0.07925,0.34506,0.03677,21
Indian Ocean,4,25.0,27.26436,0.70571,34.74531,0.05865,0.31865,0.04257,15
Indian Ocean,4,50.0,26.35581,0.65424,34.74639,0.05473,0.27995,0.03733,24
Indian Ocean,4,75.0,25.50982,0.58882,34.73232,0.08282,0.28218,0.04218,12
Indian Ocean,4,100.0,24.51374,0.46125,34.74653,0.04866,0.24757,0.04249,10
Indian Ocean,4,150.0,22.99214,0.62418,34.78818,0.0778,0.23917,0.04904,17
Indian Ocean,4,200.0,21.69223,0.43466,34.82495,0.06002,0.21723,0.03976,23
Indian Ocean,4,300.0,19.37303,0.61359,34.91515,0.05609,0.20001,0.03802,16
Indian Ocean,4,500.0,16.31504,0.52591,35.03586,0.04746,0.12848,0.03143,10
Indian Ocean,4,750.0,13.67425,0.67292,35.21683,0.0623,0.0985,0.02037,13
Indian Ocean,4,1000.0,12.38692,0.52963,35.33898,0.08004,0.06791,0.02329,12
Indian Ocean,4,1500.0,10.98657,0.56137,35.63406,0.073,0.0394,0.02397,10
Indian Ocean,4,2000.0,10.42969,0.69702,35.95392,0.077,0.02653,0.02266,8
Indian Ocean,5,0.0,28.08207,0.61164,34.68312,0.06588,0.27079,0.03969,22
Indian Ocean,5,10.0,27.66199,0.52305,34.70004,0.06626,0.26502,0.05221,17
Indian Ocean,5,25.0,27.06,0.54399,34.71503,0.05285,0.2616,0.06038,23
Indian Ocean,5,50.0,26.3376,0.55603,34.73537,0.06282,0.2515,0.05379,24
Indian Ocean,5,75.0,25.59953,0.62734,34.75139,0.06682,0.25761,0.04646,14
Indian Ocean,5,100.0,24.56113,0.54085,34.75788,0.05329,0.2198,0.03417,17
Indian Ocean,5,150.0,23.01546,0.55293,34.78779,0.06359,0.20541,0.04339,18
Indian Ocean,5,200.0,21.3377,0.403,34.84268,0.06534,0.17976,0.02128,11
Indian Ocean,5,300.0,19.1502,0.64966,34.88355,0.05901,0.16111,0.03471,17
Indian Ocean,5,500.0,15.97852,0.54556,34.99524,0.0859,0.11229,0.03182,12
Indian Ocean,5,750.0,13.57375,0.5348,35.19103,0.08941,0.07606,0.0351,14
Indian Ocean,5,1500.0,10.91921,0.66212,35.65232,0.05168,0.05102,0.02407,11
Indian Ocean,5,2000.0,10.55526,0.68027,35.94373,0.1111,0.03752,0.02074,10
Indian Ocean,6,0.0,28.0049,0.57279,34.68048,0.07912,0.2141,0.04325,18
Indian Ocean,6,10.0,27.46349,0.62583,34.70183,0.04761,0.20708,0.03239,11
Indian Ocean,6,25.0,27.00358,0.67212,34.69423,0.06323,0.19966,0.03785,15
Indian Ocean,6,50.0,25.87767,0.44652,34.72123,0.05731,0.20075,0.03099,14
Indian Ocean,6,75.0,25.3654,0.41107,34.726,0.06959,0.19814,0.04447,13
Indian Ocean,6,100.0,24.07913,0.53,34.72087,0.04359,0.16129,0.03567,18
Indian Ocean,6,150.0,22.49122,0.46657,34.81179,0.05572,0.17309,0.02447,12
Indian Ocean,6,200.0,21.267,0.45238,34.77553,0.07894,0.14573,0.04128,13
Indian Ocean,6,300.0,18.7491,0.48696,34.91475,0.08827,0.14255,0.03278,9
Indian Ocean,6,500.0,15.73125,0.68866,35.03907,0.05266,0.10009,0.03183,12
Indian Ocean,6,750.0,13.27255,0.44259,35.16851,0.04977,0.05054,0.03185,10
Indian Ocean,6,1500.0,10.43221,0.50358,35.62963,0.09375,0.0378,0.01984,8
Indian Ocean,6,2000.0,10.17524,0.70405,35.92629,0.08237,0.04103,0.01881,11
Indian Ocean,7,0.0,27.68452,0.44547,34.707,0.05183,0.16176,0.03706,23
Indian Ocean,7,10.0,27.03798,0.54786,34.7085,0.08005,0.18282,0.03058,21
Indian Ocean,7,25.0,26.20381,0.61731,34.72555,0.07996,0.17801,0.03553,15
Indian Ocean,7,50.0,25.51102,0.57067,34.74084,0.06806,0.1742,0.04121,22
Indian Ocean,7,75.0,24.38446,0.59757,34.78024,0.07821,0.15353,0.03872,18
Indian Ocean,7,100.0,23.73489,0.5658,34.76967,0.06747,0.14493,0.03788,19
Indian Ocean,7,150.0,22.39158,0.43007,34.77988,0.07622,0.1309,0.04782,12
Indian Ocean,7,200.0,20.73382,0.61199,34.84247,0.06167,0.13032,0.03755,23
Indian Ocean,7,300.0,18.32942,0.58516,34.88314,0.07525,0.09965,0.0327,24
Indian Ocean,7,500.0,15.63987,0.2898,35.04689,0.05848,0.08349,0.01771,9
Indian Ocean,7,750.0,12.56234,0.5144,35.15678,0.0675,0.04734,0.02353,12
Indian Ocean,7,1000.0,11.57994,0.58295,35.31148,0.07779,0.07376,0.03464,9
Indian Ocean,7,1500.0,10.1865,0.63784,35.62809,0.10104,0.04456,0.02264,14
Indian Ocean,7,2000.0,9.80003,0.76516,35.90291,0.07109,0.03658,0.02693,8
Indian Ocean,8,0.0,27.22737,0.52789,34.72406,0.07733,0.19611,0.04705,20
Indian Ocean,8,10.0,26.78239,0.46308,34.71913,0.07153,0.19508,0.03308,15
Indian Ocean,8,25.0,26.331,0.51652,34.72792,0.06354,0.18945,0.04484,22
Indian Ocean,8,50.0,24.93779,0.49363,34.74892,0.05904,0.20669,0.04487,29
Indian Ocean,8,75.0,24.2889,0.5873,34.77718,0.06243,0.1874,0.0574,14
Indian Ocean,8,100.0,23.31071,0.69261,34.75519,0.09256,0.15359,0.03521,14
Indian Ocean,8,150.0,21.84737,0.68684,34.83669,0.04775,0.16051,0.03445,16
Indian Ocean,8,200.0,20.08234,0.47028,34.84253,0.04952,0.1452,0.04348,18
Indian Ocean,8,300.0,18.01931,0.56462,34.90729,0.0728,0.11827,0.04072,20
Indian Ocean,8,500.0,14.99755,0.57114,35.03001,0.0721,0.09357,0.03993,13
Indian Ocean,8,750.0,12.48957,0.35707,35.20221,0.062,0.06225,0.01915,11
Indian Ocean,8,1000.0,10.88602,0.66597,35.34074,0.06111,0.05769,0.03471,10
Indian Ocean,8,1500.0,9.84956,0.45468,35.63233,0.11211,0.0472,0.02653,9
Indian Ocean,9,0.0,26.98407,0.61141,34.74489,0.07494,0.25817,0.04665,20
Indian Ocean,9,10.0,26.50559,0.50035,34.75377,0.08022,0.26721,0.03065,18
Indian Ocean,9,25.0,26.06732,0.52662,34.76426,0.06444,0.24381,0.07456,15
Indian Ocean,9,50.0,24.76491,0.69201,34.76704,0.044,0.24727,0.0551,17
Indian Ocean,9,75.0,23.86977,0.51537,34.77491,0.06895,0.23357,0.03703,10
Indian Ocean,9,100.0,22.94072,0.56621,34.83204,0.0732,0.19279,0.04625,17
Indian Ocean,9,150.0,21.6024,0.58733,34.89179,0.07051,0.17989,0.03008,13
Indian Ocean,9,200.0,20.27489,0.55481,34.90764,0.06713,0.16151,0.04286,19
Indian Ocean,9,300.0,17.81604,0.63645,34.94389,0.07154,0.14312,0.03805,18
Indian Ocean,9,500.0,14.6774,0.65324,35.08844,0.07354,0.10259,0.0342,10
Indian Ocean,9,1000.0,10.61011,0.65144,35.39015,0.06179,0.05036,0.02906,15
Indian Ocean,10,0.0,26.58322,0.5188,34.75902,0.05483,0.27546,0.04699,26
Indian Ocean,10,10.0,26.11055,0.58878,34.77071,0.06252,0.28167,0.05321,20
Indian Ocean,10,25.0,25.82799,0.6788,34.79682,0.06081,0.26852,0.03389,18
Indian Ocean,10,50.0,24.78396,0.52338,34.83418,0.06587,0.2525,0.04558,25
Indian Ocean,10,75.0,24.01019,0.53591,34.84208,0.0656,0.24842,0.04163,28
Indian Ocean,10,100.0,23.27975,0.49741,34.85627,0.05936,0.2463,0.03449,16
Indian Ocean,10,150.0,21.44599,0.48847,34.87404,0.04916,0.20908,0.03379,13
Indian Ocean,10,200.0,20.48959,0.5837,34.92375,0.10711,0.19616,0.03333,15
Indian Ocean,10,300.0,17.63893,0.49001,34.99307,0.05434,0.15552,0.04571,17
Indian Ocean,10,500.0,14.64337,0.58592,35.11362,0.06295,0.10906,0.02552,15
Indian Ocean,10,750.0,11.90686,0.62648,35.24529,0.07505,0.07945,0.02306,10
Indian Ocean,10,1000.0,10.69452,0.65748,35.40355,0.09887,0.06175,0.02636,9
Indian Ocean,10,2000.0,9.31321,0.61539,35.99544,0.07761,0.03973,0.01579,12
Indian Ocean,11,0.0,27.28325,0.65364,34.80242,0.06441,0.29886,0.03618,14
Indian Ocean,11,10.0,26.46866,0.50615,34.81654,0.06874,0.30558,0.0451,25
Indian Ocean,11,25.0,25.8954,0.50998,34.84189,0.08136,0.28641,0.04007,20
Indian Ocean,11,50.0,25.09823,0.5965,34.83124,0.09117,0.28652,0.05106,19
Indian Ocean,11,75.0,24.06836,0.48388,34.8524,0.05687,0.25852,0.03649,16
Indian Ocean,11,100.0,23.2596,0.56764,34.85309,0.06122,0.22453,0.04147,19
Indian Ocean,11,150.0,21.63967,0.49601,34.86105,0.0684,0.23243,0.04113,14
Indian Ocean,11,200.0,20.22509,0.64181,34.94439,0.05789,0.20867,0.03382,13
Indian Ocean,11,300.0,18.31566,0.58125,34.99092,0.07528,0.1762,0.02584,11
Indian Ocean,11,500.0,14.64569,0.54701,35.09971,0.06351,0.12893,0.04457,14
Indian Ocean,11,750.0,12.40773,0.57861,35.23112,0.07979,0.07646,0.02898,11
Indian Ocean,11,1000.0,11.07444,0.57598,35.46269,0.06732,0.05432,0.02003,11
Indian Ocean,11,1500.0,9.51368,0.39724,35.69617,0.06463,0.05343,0.02561,9
Indian Ocean,12,0.0,27.16098,0.56955,34.80276,0.05082,0.30872,0.02393,30
Indian Ocean,12,10.0,26.69806,0.58546,34.78191,0.05514,0.32191,0.03838,16
Indian Ocean,12,25.0,26.23375,0.62095,34.77513,0.06379,0.31238,0.03876,11
Indian Ocean,12,50.0,25.17212,0.60696,34.83788,0.06347,0.28263,0.0237,22
Indian Ocean,12,75.0,24.42175,0.51713,34.85107,0.04867,0.29184,0.02889,11
Indian Ocean,12,100.0,23.55465,0.5146,34.87399,0.06919,0.25333,0.03511,18
Indian Ocean,12,150.0,21.74056,0.7006,34.88718,0.07353,0.23481,0.04845,15
Indian Ocean,12,200.0,20.62886,0.6363,34.92732,0.07438,0.21499,0.03457,22
Indian Ocean,12,300.0,18.03933,0.57188,34.97328,0.04577,0.17576,0.04768,15
Indian Ocean,12,500.0,15.12513,0.73099,35.12652,0.06598,0.11945,0.02951,11
Indian Ocean,12,750.0,13.03151,0.54396,35.30705,0.05697,0.09395,0.03485,12
Indian Ocean,12,1000.0,11.0624,0.35794,35.42425,0.0977,0.04114,0.01612,8
Indian Ocean,12,1500.0,10.05201,0.6034,35.82201,0.12352,0.04637,0.02822,10
Indian Ocean,12,2000.0,9.59655,0.71165,35.99607,0.05687,0.03983,0.01925,10
